{
	"info": {
		"_postman_id": "d26ad845-8632-45a6-bfba-27ea6f1b4208",
		"name": "parque",
		"schema": "https://schema.getpostman.com/json/collection/v2.1.0/collection.json",
		"_exporter_id": "15373920",
		"_collection_link": "https://lively-shuttle-632196.postman.co/workspace/DocumnetAPI-Inventario~96a83bb2-3c1e-42dd-9625-4d7451e9237c/collection/15373920-d26ad845-8632-45a6-bfba-27ea6f1b4208?action=share&source=collection_link&creator=15373920"
	},
	"item": [
		{
			"name": "cliente",
			"item": [
				{
					"name": "all",
					"request": {
						"method": "GET",
						"header": [],
						"url": {
							"raw": "http://localhost:9000/api/cliente",
							"protocol": "http",
							"host": [
								"localhost"
							],
							"port": "9000",
							"path": [
								"api",
								"cliente"
							]
						}
					},
					"response": []
				},
				{
					"name": "findById",
					"request": {
						"method": "GET",
						"header": [],
						"url": {
							"raw": "http://localhost:9000/api/cliente/2",
							"protocol": "http",
							"host": [
								"localhost"
							],
							"port": "9000",
							"path": [
								"api",
								"cliente",
								"2"
							]
						}
					},
					"response": []
				},
				{
					"name": "delete",
					"request": {
						"method": "DELETE",
						"header": [],
						"url": {
							"raw": "http://localhost:9000/api/cliente/2",
							"protocol": "http",
							"host": [
								"localhost"
							],
							"port": "9000",
							"path": [
								"api",
								"cliente",
								"2"
							]
						}
					},
					"response": []
				},
				{
					"name": "save",
					"request": {
						"method": "POST",
						"header": [],
						"body": {
							"mode": "raw",
							"raw": "{\r\n    \"documento\":\"654654\",\r\n    \"nombre\":\"6546\",\r\n    \"correo\":\"5464@gmail.com3\"\r\n}",
							"options": {
								"raw": {
									"language": "json"
								}
							}
						},
						"url": {
							"raw": "http://localhost:9000/api/cliente",
							"protocol": "http",
							"host": [
								"localhost"
							],
							"port": "9000",
							"path": [
								"api",
								"cliente"
							]
						}
					},
					"response": []
				},
				{
					"name": "update",
					"request": {
						"method": "PUT",
						"header": [],
						"body": {
							"mode": "raw",
							"raw": "{\r\n    \"documento\":\"7645347\",\r\n    \"nombre\":\"Maria\",\r\n    \"correo\":\"maria@gmail.com\"\r\n}",
							"options": {
								"raw": {
									"language": "json"
								}
							}
						},
						"url": {
							"raw": "http://localhost:9000/api/cliente/2",
							"protocol": "http",
							"host": [
								"localhost"
							],
							"port": "9000",
							"path": [
								"api",
								"cliente",
								"2"
							]
						}
					},
					"response": []
				}
			]
		},
		{
			"name": "servicio",
			"item": [
				{
					"name": "all",
					"request": {
						"method": "GET",
						"header": [],
						"url": {
							"raw": "http://localhost:9000/api/servicio",
							"protocol": "http",
							"host": [
								"localhost"
							],
							"port": "9000",
							"path": [
								"api",
								"servicio"
							]
						}
					},
					"response": []
				},
				{
					"name": "findById",
					"request": {
						"method": "GET",
						"header": [],
						"url": {
							"raw": "http://localhost:9000/api/servicio/2",
							"protocol": "http",
							"host": [
								"localhost"
							],
							"port": "9000",
							"path": [
								"api",
								"servicio",
								"2"
							]
						}
					},
					"response": []
				},
				{
					"name": "delete",
					"request": {
						"method": "DELETE",
						"header": [],
						"url": {
							"raw": "http://localhost:9000/api/servicio/2",
							"protocol": "http",
							"host": [
								"localhost"
							],
							"port": "9000",
							"path": [
								"api",
								"servicio",
								"2"
							]
						}
					},
					"response": []
				},
				{
					"name": "save",
					"request": {
						"method": "POST",
						"header": [],
						"body": {
							"mode": "raw",
							"raw": "{\r\n    \"codigo\":\"1010\",\r\n    \"nombre\":\"Montaña Rusa\",\r\n    \"precioUnitario\":2300.34\r\n}",
							"options": {
								"raw": {
									"language": "json"
								}
							}
						},
						"url": {
							"raw": "http://localhost:9000/api/servicio",
							"protocol": "http",
							"host": [
								"localhost"
							],
							"port": "9000",
							"path": [
								"api",
								"servicio"
							]
						}
					},
					"response": []
				},
				{
					"name": "update",
					"request": {
						"method": "PUT",
						"header": [],
						"body": {
							"mode": "raw",
							"raw": "{\r\n    \"codigo\":\"1010\",\r\n    \"nombre\":\"Montaña Rusa v2\",\r\n    \"precioUnitario\":45000.34\r\n}",
							"options": {
								"raw": {
									"language": "json"
								}
							}
						},
						"url": {
							"raw": "http://localhost:9000/api/servicio/2",
							"protocol": "http",
							"host": [
								"localhost"
							],
							"port": "9000",
							"path": [
								"api",
								"servicio",
								"2"
							]
						}
					},
					"response": []
				}
			]
		},
		{
			"name": "servicioCliente",
			"item": [
				{
					"name": "all",
					"request": {
						"method": "GET",
						"header": [],
						"url": {
							"raw": "http://localhost:9000/api/servicioCliente",
							"protocol": "http",
							"host": [
								"localhost"
							],
							"port": "9000",
							"path": [
								"api",
								"servicioCliente"
							]
						}
					},
					"response": []
				},
				{
					"name": "findById",
					"request": {
						"method": "GET",
						"header": [],
						"url": {
							"raw": "http://localhost:9000/api/servicioCliente/2",
							"protocol": "http",
							"host": [
								"localhost"
							],
							"port": "9000",
							"path": [
								"api",
								"servicioCliente",
								"2"
							]
						}
					},
					"response": []
				},
				{
					"name": "delete",
					"request": {
						"method": "DELETE",
						"header": [],
						"url": {
							"raw": "http://localhost:9000/api/servicioCliente/2",
							"protocol": "http",
							"host": [
								"localhost"
							],
							"port": "9000",
							"path": [
								"api",
								"servicioCliente",
								"2"
							]
						}
					},
					"response": []
				},
				{
					"name": "save",
					"request": {
						"method": "POST",
						"header": [],
						"body": {
							"mode": "raw",
							"raw": "{\r\n    \"cantidad\":20,\r\n    \"totalPagar\":2300.34,\r\n    \"clienteId\":{\r\n        \"id\":1\r\n    },\r\n    \"servicioId\":{\r\n        \"id\":2\r\n    }\r\n\r\n}",
							"options": {
								"raw": {
									"language": "json"
								}
							}
						},
						"url": {
							"raw": "http://localhost:9000/api/servicioCliente",
							"protocol": "http",
							"host": [
								"localhost"
							],
							"port": "9000",
							"path": [
								"api",
								"servicioCliente"
							]
						}
					},
					"response": []
				},
				{
					"name": "update",
					"request": {
						"method": "PUT",
						"header": [],
						"body": {
							"mode": "raw",
							"raw": "{\r\n    \"cantidadc\":20,\r\n    \"totalPagar\":2300.34,\r\n    \"clienteId\":{\r\n        \"id\":2\r\n    },\r\n    \"servicioId\":{\r\n        \"id\":2\r\n    }\r\n\r\n}",
							"options": {
								"raw": {
									"language": "json"
								}
							}
						},
						"url": {
							"raw": "http://localhost:9000/api/servicioCliente/2",
							"protocol": "http",
							"host": [
								"localhost"
							],
							"port": "9000",
							"path": [
								"api",
								"servicioCliente",
								"2"
							]
						}
					},
					"response": []
				}
			]
		}
	]
}